{"0": 1.053350327742761, "3": 1.742577984387323e-13, "7": 0.17626705033773937}